species	orthogroup	tpm
Abelia_chinensis	725693at3193	3.0497188082566615
Abelia_chinensis	724068at3193	2.0219718455000324
Abelia_chinensis	406705at3193	73.26641071253768
Abelia_chinensis	512294at3193	46.90207482362151
Abelia_chinensis	99581at3193	0.9110050035874119
Abelia_chinensis	504118at3193	0.6501697940467062
Abelia_chinensis	531730at3193	10.755432224322181
Abelia_chinensis	729298at3193	0.7447112857318863
Abelia_chinensis	662669at3193	315.66992378680544
Abelia_chinensis	629054at3193	5.391465937041697
Abelia_chinensis	528484at3193	1.524493143935945
Abelia_chinensis	736976at3193	1.7893409888755094
Abelia_chinensis	719913at3193	23.867646790137076
Abelia_chinensis	350851at3193	40.056115483336725
Abelia_chinensis	608131at3193	44.54303465030991
Abelia_chinensis	720782at3193	27.365663437668868
Abelia_chinensis	434678at3193	6.135970911652556
Abelia_chinensis	560893at3193	10.74118284835639
Abelia_chinensis	98321at3193	1.07054840701112
Abelia_chinensis	552885at3193	8.269668342547611
Abelia_chinensis	731985at3193	2.574957511030421
Abelia_chinensis	658963at3193	1.3843939841434474
Abelia_chinensis	210483at3193	1.3874863328563747
Abelia_chinensis	706168at3193	1.185806780590927
Abelia_chinensis	673750at3193	16.807981581902684
Abelia_chinensis	580484at3193	14.429747520028085
Abelia_chinensis	45243at3193	124.94317394542834
Abelia_chinensis	218017at3193	3.55736007110821
Abelia_chinensis	525045at3193	121.07375091799759
Abelia_chinensis	731626at3193	1.1433692784263378
Abelia_chinensis	294374at3193	15.099563232622064
Abelia_chinensis	495563at3193	1.2022027194563956
Abelia_chinensis	528336at3193	2.2341338571956584
Abelia_chinensis	613931at3193	4.511328786123955
Abelia_chinensis	265326at3193	3.2072106909825133
Abelia_chinensis	556873at3193	0.9174725095162479
Abelia_chinensis	603586at3193	23.39429026301581
Abelia_chinensis	724170at3193	0.9109377786153917
Abelia_chinensis	666027at3193	1.734738084877755
Abelia_chinensis	113619at3193	3.1200963996543196
Abelia_chinensis	296827at3193	8.932970187163082
Abelia_chinensis	133153at3193	1.4252945843615064
Abelia_chinensis	249892at3193	3.2626133403370594
Abelia_chinensis	659139at3193	181.00462802577186
Abelia_chinensis	641365at3193	18.790979170348407
Abelia_chinensis	542086at3193	1.586377207834228
Abelia_chinensis	669896at3193	3875.9600764341017
Abelia_chinensis	726536at3193	0.569536917262249
Abelia_chinensis	564275at3193	4.095924821089032
Abelia_chinensis	581641at3193	2.319099267521691
Abelia_chinensis	120857at3193	1.118057917409506
Abelia_chinensis	584753at3193	295.1083547585702
Abelia_chinensis	555373at3193	0.7997291300741789
Abelia_chinensis	736306at3193	1.1902876726914429
Abelia_chinensis	527718at3193	0.6312100338345374
Abelia_chinensis	611513at3193	3117.3703111337772
Abelia_chinensis	641463at3193	2.959335992426798
Abelia_chinensis	165594at3193	16.19646614676757
Abelia_chinensis	607225at3193	3.574931287932791
Abelia_chinensis	567568at3193	7.188435801190252
Abelia_chinensis	619620at3193	260.35049431141556
Abelia_chinensis	472276at3193	4.212919453428947
Abelia_chinensis	567521at3193	3.4968784592124176
Abelia_chinensis	525507at3193	22.104753032495292
Abelia_chinensis	729532at3193	0.7042441706782332
Abelia_chinensis	620971at3193	2.4489825496696076
Abelia_chinensis	734349at3193	7.549781616311032
Abelia_chinensis	117372at3193	40.22023713916526
Abelia_chinensis	542303at3193	11.015252104975133
Abelia_chinensis	226573at3193	5.901981646972729
Abelia_chinensis	604350at3193	13.515603805678078
Abelia_chinensis	521492at3193	3.648276050509269
Abelia_chinensis	226604at3193	2.187354549079561
Abelia_chinensis	221887at3193	8.175901097091904
Abelia_chinensis	562611at3193	26.067757857183086
Abelia_chinensis	538277at3193	40.22672782611893
Abelia_chinensis	164746at3193	12.846715334077482
Abelia_chinensis	513493at3193	3.8717504023241496
Abelia_chinensis	715905at3193	1.0936761154885386
Abelia_chinensis	570523at3193	0.4745016697480933
Abelia_chinensis	562871at3193	30.379892096903852
Abelia_chinensis	613094at3193	1.53703407837143
Abelia_chinensis	648518at3193	4.846711853430052
Abelia_chinensis	519562at3193	21.399887610351495
Abelia_chinensis	722763at3193	4.275067781010343
Abelia_chinensis	625256at3193	12.710359909795763
Abelia_chinensis	602252at3193	18.491619415635185
Abelia_chinensis	664312at3193	39.48423960066868
Abelia_chinensis	346725at3193	1.2390976385830463
Abelia_chinensis	229404at3193	25.880918797016705
Abelia_chinensis	122263at3193	0.9355003925300682
Abelia_chinensis	636037at3193	1.226769969576039
Abelia_chinensis	725957at3193	417.73133992830964
Abelia_chinensis	269518at3193	126.56399120185922
Abelia_chinensis	94830at3193	0.4127821911261358
Abelia_chinensis	667911at3193	1.1685647343189973
Abelia_chinensis	414550at3193	15.799699725699616
Abelia_chinensis	578636at3193	0.5108101089464303
Abelia_chinensis	94385at3193	27.13804895481854
Abelia_chinensis	538786at3193	3.8026384948824576
Abelia_chinensis	336724at3193	1.0127001595365304
Abelia_chinensis	726130at3193	8.838878407359694
Abelia_chinensis	100585at3193	6.563081294228918
Abelia_chinensis	454128at3193	46.95339761260519
Abelia_chinensis	292968at3193	108.00827625255657
Abelia_chinensis	542760at3193	20.658349806919453
Abelia_chinensis	560792at3193	2.559092417633664
Abelia_chinensis	104604at3193	23.810389658795767
Abelia_chinensis	603128at3193	24.96132754183058
Abelia_chinensis	455480at3193	4.983688529177337
Abelia_chinensis	216901at3193	70.867174642163
Abelia_chinensis	686775at3193	27.97856973429405
Abelia_chinensis	543204at3193	1.3974240382029415
Abelia_chinensis	229021at3193	84.44337364675854
Abelia_chinensis	734344at3193	1.068969779219888
Abelia_chinensis	96148at3193	6.397452871786145
Abelia_chinensis	580017at3193	3.1069527585731365
Abelia_chinensis	724834at3193	2.5868818302053076
Abelia_chinensis	725234at3193	0.4935217006248318
Abelia_chinensis	615013at3193	5.671260906794571
Abelia_chinensis	551979at3193	3.951901113792048
Abelia_chinensis	673472at3193	8.247043662309101
Abelia_chinensis	646410at3193	67.33716818035954
Abelia_chinensis	211209at3193	1.9604864952289038
Abelia_chinensis	132087at3193	3.783722778617475
Abelia_chinensis	649854at3193	4.036511854438113
Abelia_chinensis	60532at3193	40.81598947741289
Abelia_chinensis	640011at3193	3.6202501914843124
Abelia_chinensis	726064at3193	2.6108788271140217
Abelia_chinensis	539334at3193	2.659164901844364
Abelia_chinensis	419660at3193	1.7962373437637844
Abelia_chinensis	718560at3193	18.459606420338684
Abelia_chinensis	684981at3193	3.825077726922291
Abelia_chinensis	560701at3193	3.1521093949508163
Abelia_chinensis	730956at3193	1.072233667516591
Abelia_chinensis	529272at3193	1.2828750039830714
Abelia_chinensis	679178at3193	128.9789903691214
Abelia_chinensis	731953at3193	2.6426600121621733
Abelia_chinensis	725042at3193	27.504693952216495
Abelia_chinensis	353287at3193	22.14270037014943
Abelia_chinensis	707858at3193	0.588635763623425
Abelia_chinensis	170431at3193	2.237260977445838
Abelia_chinensis	657636at3193	34.206152056092705
Abelia_chinensis	689805at3193	19.784193360409024
Abelia_chinensis	159717at3193	5.743840695551509
Abelia_chinensis	730039at3193	0.7314308766041794
Abelia_chinensis	112673at3193	2.102727581716113
Abelia_chinensis	729695at3193	2.368498031444092
Abelia_chinensis	248721at3193	0.5432751342272009
Abelia_chinensis	534274at3193	6.53315459116753
Abelia_chinensis	709048at3193	0.3965948814841778
Abelia_chinensis	608120at3193	21.32125757411274
Abelia_chinensis	304304at3193	3.7685855694005217
Abelia_chinensis	400733at3193	7.178027521039544
Abelia_chinensis	114180at3193	45.94363217081271
Abelia_chinensis	650409at3193	219.89332391741644
Abelia_chinensis	240384at3193	7.106537240449828
Abelia_chinensis	556939at3193	27.461632880483858
Abelia_chinensis	729478at3193	0.8144537170490774
Abelia_chinensis	722745at3193	99.97310715723512
Abelmoschus_esculentus	689805at3193	66.95583383615606
Abelmoschus_esculentus	529272at3193	2.966696350149272
Abelmoschus_esculentus	542303at3193	23.57941019970971
Abelmoschus_esculentus	650409at3193	41.156279802159816
Abelmoschus_esculentus	249892at3193	7.3940383357514525
Abelmoschus_esculentus	669896at3193	151.97193796118717
Abelmoschus_esculentus	679178at3193	6.97086045883324
Abelmoschus_esculentus	406705at3193	3.6696886372479525
Abelmoschus_esculentus	521492at3193	7.85883640210896
Abelmoschus_esculentus	552885at3193	0.8841638566585946
Abelmoschus_esculentus	117372at3193	0.0
Abelmoschus_esculentus	731953at3193	0.45752133240887155
Abelmoschus_esculentus	578636at3193	1.2233171799244236
Abelmoschus_esculentus	165594at3193	238.78303174184447
Abelmoschus_esculentus	60532at3193	11.741158788714053
Abelmoschus_esculentus	454128at3193	51.42033435077556
Abelmoschus_esculentus	603128at3193	32.50157399668
Abelmoschus_esculentus	240384at3193	16.299412633518614
Abelmoschus_esculentus	104604at3193	106.29217090679509
Abelmoschus_esculentus	724170at3193	8.125229185091676
Abelmoschus_esculentus	729298at3193	19.176132860778537
Abelmoschus_esculentus	120857at3193	53.7731737019147
Abelmoschus_esculentus	607225at3193	48.911428354843395
Abelmoschus_esculentus	98321at3193	1.4891818914554213
Abelmoschus_esculentus	265326at3193	60.064161431069756
Abelmoschus_esculentus	562611at3193	0.325063107749379
Abelmoschus_esculentus	114180at3193	155.01247365853376
Abelmoschus_esculentus	94385at3193	14.719935056621516
Abelmoschus_esculentus	292968at3193	39.218144254299524
Abelmoschus_esculentus	269518at3193	173.93903043234567
Abelmoschus_esculentus	531730at3193	1.0534368205467441
Abelmoschus_esculentus	659139at3193	67.32843017376332
Abelmoschus_esculentus	564275at3193	11.829707078922787
Abelmoschus_esculentus	560792at3193	17.94407190548618
Abelmoschus_esculentus	45243at3193	16.0964110887529
Abelmoschus_esculentus	216901at3193	27.692248240195795
Abelmoschus_esculentus	649854at3193	30.402184011953786
Abelmoschus_esculentus	584753at3193	38.51708520732237
Abelmoschus_esculentus	170431at3193	29.29103555429736
Abelmoschus_esculentus	619620at3193	177.87644902921372
Abelmoschus_esculentus	629054at3193	4.120011199905352
Abelmoschus_esculentus	538277at3193	1.4429110469992779
Abelmoschus_esculentus	472276at3193	2.58983917851097
Abelmoschus_esculentus	567521at3193	39.68718049067726
Abelmoschus_esculentus	528336at3193	1.2183514951574073
Abelmoschus_esculentus	570523at3193	0.9751915896492174
Abelmoschus_esculentus	608120at3193	8.514370250585399
Abelmoschus_esculentus	294374at3193	5.691726353102297
Abelmoschus_esculentus	296827at3193	25.97136989989653
Abelmoschus_esculentus	159717at3193	7.493966225784555
Abelmoschus_esculentus	350851at3193	32.177682618289154
Abelmoschus_esculentus	686775at3193	1273.3683813825683
Abelmoschus_esculentus	581641at3193	0.827363312783209
Abelmoschus_esculentus	646410at3193	19.459568979885383
Abelmoschus_esculentus	527718at3193	2.4961234938390686
Abelmoschus_esculentus	719913at3193	10.237968272181075
Abelmoschus_esculentus	353287at3193	23.230203121251506
Abelmoschus_esculentus	720782at3193	10.995444841251036
Abelmoschus_esculentus	602252at3193	2.768295599576642
Abelmoschus_esculentus	657636at3193	17.15384584080536
Abelmoschus_esculentus	542760at3193	79.83352477462631
Abelmoschus_esculentus	662669at3193	17.666233797047767
Abelmoschus_esculentus	640011at3193	10.09967247825896
Abelmoschus_esculentus	414550at3193	169.86290808936104
Abelmoschus_esculentus	604350at3193	37.75076287483586
Abelmoschus_esculentus	100585at3193	16.22899555195257
Abelmoschus_esculentus	419660at3193	24.82207791205804
Abelmoschus_esculentus	99581at3193	1.2251506983984157
Abelmoschus_esculentus	673472at3193	13.952644970873699
Abelmoschus_esculentus	673750at3193	6.3195647803770285
Abelmoschus_esculentus	608131at3193	81.15019048224762
Abelmoschus_esculentus	229021at3193	73.32918031416946
Abelmoschus_esculentus	248721at3193	3.6307518666877763
Abelmoschus_esculentus	226573at3193	8.057554448832837
Abelmoschus_esculentus	603586at3193	53.89182206487138
Abelmoschus_esculentus	641365at3193	5.630102907727956
Abelmoschus_esculentus	648518at3193	16.665232431895678
Abelmoschus_esculentus	221887at3193	7.857544553493167
Abelmoschus_esculentus	164746at3193	0.0
Abelmoschus_esculentus	611513at3193	366.4949592588969
Abelmoschus_esculentus	718560at3193	46.86688527626131
Abelmoschus_esculentus	132087at3193	1.7655853680099824
Abelmoschus_esculentus	542086at3193	2.6219540818193336
Abelmoschus_esculentus	724068at3193	56.53424174844615
Abelmoschus_esculentus	400733at3193	7.770582744040668
Abelmoschus_esculentus	615013at3193	21.146677944087646
Abronia_glabrifolia	684981at3193	4.581862449498906
Abronia_glabrifolia	529272at3193	260.3435279662003
Abronia_glabrifolia	94385at3193	17.569600645153542
Abronia_glabrifolia	104604at3193	54.797783860097354
Abronia_glabrifolia	504118at3193	1.2611016870294405
Abronia_glabrifolia	640011at3193	9.434805526898034
Abronia_glabrifolia	611513at3193	2597.065230966724
Abronia_glabrifolia	248721at3193	6.800340166850856
Abronia_glabrifolia	414550at3193	36.778350867471595
Abronia_glabrifolia	521492at3193	26.577436880089923
Abronia_glabrifolia	720782at3193	6.555052572311692
Abronia_glabrifolia	294374at3193	2.3330698432056023
Abronia_glabrifolia	620971at3193	1.365819556820003
Abronia_glabrifolia	604350at3193	21.60424935736178
Abronia_glabrifolia	608120at3193	19.534692955166932
Abronia_glabrifolia	542760at3193	96.40803733410466
Abronia_glabrifolia	159717at3193	15.453695223260691
Abronia_glabrifolia	603128at3193	16.84049757421476
Abronia_glabrifolia	686775at3193	3720.033689001823
Abronia_glabrifolia	221887at3193	6.893130489013809
Abronia_glabrifolia	454128at3193	11.807164758130366
Abronia_glabrifolia	662669at3193	37.79763709906817
Abronia_glabrifolia	706168at3193	4.399327136482176
Abronia_glabrifolia	400733at3193	5.393650879620194
Abronia_glabrifolia	581641at3193	1.522321901281616
Abronia_glabrifolia	730039at3193	0.6633515994906473
Abronia_glabrifolia	629054at3193	9.370599791796218
Abronia_glabrifolia	170431at3193	5.7453635751383985
Abronia_glabrifolia	679178at3193	14.50297508750407
Abronia_glabrifolia	673750at3193	11.807187828822101
Abronia_glabrifolia	269518at3193	75.64372265078232
Abronia_glabrifolia	718560at3193	38.713774267912235
Abronia_glabrifolia	512294at3193	11.758877800326523
Abronia_glabrifolia	603586at3193	31.816790973378485
Abronia_glabrifolia	419660at3193	1.6412813090809282
Abronia_glabrifolia	669896at3193	619.9187152280974
Abronia_glabrifolia	608131at3193	57.147256965127376
Abronia_glabrifolia	602252at3193	11.699586122564515
Abronia_glabrifolia	542303at3193	15.003932087863681
Abronia_glabrifolia	210483at3193	1.3333567864780114
Abronia_glabrifolia	45243at3193	28.11602131197638
Abronia_glabrifolia	729298at3193	20.16800651401706
Abronia_glabrifolia	650409at3193	27.070019219349298
Abronia_glabrifolia	724834at3193	2.7167585174701645
Abronia_glabrifolia	434678at3193	13.844652898811912
Abronia_glabrifolia	613094at3193	2.143781738717691
Abronia_glabrifolia	659139at3193	126.21484043135115
Abronia_glabrifolia	719913at3193	15.375185659282437
Abronia_glabrifolia	525045at3193	103.9886052247817
Abronia_glabrifolia	731626at3193	0.5771964082710225
Abronia_glabrifolia	607225at3193	9.16033350731259
Abronia_glabrifolia	353287at3193	14.803055574916682
Abronia_glabrifolia	615013at3193	27.339461828136255
Abronia_glabrifolia	165594at3193	254.12366947412374
Abronia_glabrifolia	99581at3193	2.006211203894795
Abronia_glabrifolia	646410at3193	32.18223073047972
Abronia_glabrifolia	625256at3193	22.387891543564916
Abronia_glabrifolia	292968at3193	47.89775523425442
Abronia_glabrifolia	567568at3193	99.28725966278107
Abronia_glabrifolia	229021at3193	55.47121735187672
Abronia_glabrifolia	265326at3193	51.15210701056127
Abronia_glabrifolia	472276at3193	2.8845747291592043
Abronia_glabrifolia	584753at3193	238.9298286801644
Abronia_glabrifolia	689805at3193	45.40939656497253
Abronia_glabrifolia	724068at3193	13.289196003363902
Abronia_glabrifolia	641365at3193	1.546223137920308
Abronia_glabrifolia	657636at3193	23.88070372304677
Abronia_glabrifolia	296827at3193	15.34000285438475
Abronia_glabrifolia	60532at3193	10.843940307452732
Abronia_glabrifolia	673472at3193	10.180011940668681
Abronia_glabrifolia	226573at3193	31.39353606278636
Abronia_glabrifolia	619620at3193	63.67557060571684
Abronia_nealleyi	165594at3193	185.10184589496257
Abronia_nealleyi	512294at3193	100.27076991280276
Abronia_nealleyi	60532at3193	8.27562877892043
Abronia_nealleyi	210483at3193	17.05507473121551
Abronia_nealleyi	170431at3193	17.976967421594708
Abronia_nealleyi	567568at3193	46.370446840150635
Abronia_nealleyi	706168at3193	45.89137283008279
Abronia_nealleyi	542760at3193	51.863109311858835
Abronia_nealleyi	669896at3193	2359.379960098287
Abronia_nealleyi	640011at3193	20.80784112981372
Abronia_nealleyi	454128at3193	35.239820768107066
Abronia_nealleyi	400733at3193	12.299710558689736
Abronia_nealleyi	608120at3193	90.17763786923739
Abronia_nealleyi	724068at3193	2.2725536218091147
Abronia_nealleyi	729298at3193	1.6482024667942028
Abronia_nealleyi	611513at3193	1643.9307735037648
Abronia_nealleyi	613094at3193	1.227035053696301
Abronia_nealleyi	620971at3193	1.7793512255202855
Abronia_nealleyi	99581at3193	8.359791509683705
Abronia_nealleyi	265326at3193	42.982752025528185
Abronia_nealleyi	613931at3193	2.482290904314412
Abronia_nealleyi	292968at3193	59.21770481560377
Abronia_nealleyi	619620at3193	227.46721802182594
Abronia_nealleyi	94385at3193	40.51938824209547
Abronia_nealleyi	472276at3193	10.223343440127428
Abronia_nealleyi	525045at3193	230.7573792040274
Abronia_nealleyi	419660at3193	2.1460996684632963
Abronia_nealleyi	662669at3193	20.955540626451246
Abronia_nealleyi	679178at3193	115.98407766062674
Abronia_nealleyi	229021at3193	24.174949952347312
Abronia_nealleyi	602252at3193	14.845658147278913
Abronia_nealleyi	216901at3193	39.53062105702761
Abronia_nealleyi	562611at3193	17.062189889646216
Abronia_nealleyi	531730at3193	41.865692138306585
Abronia_nealleyi	659139at3193	716.575799980985
Abronia_nealleyi	646410at3193	28.247578697926162
Abronia_nealleyi	542303at3193	43.51798781983845
Abronia_nealleyi	353287at3193	51.513747038350864
Abronia_nealleyi	527718at3193	1.87773427994494
Abronia_nealleyi	296827at3193	20.667936329209844
Abronia_nealleyi	686775at3193	1617.6052869021348
Abronia_nealleyi	719913at3193	17.597605561557256
Abronia_nealleyi	248721at3193	10.513066295777973
Abronia_nealleyi	603128at3193	19.65152795282268
Abronia_nealleyi	414550at3193	70.74386174535458
Abronia_nealleyi	607225at3193	85.49482432902475
Abronia_nealleyi	629054at3193	14.33024886185423
Abronia_nealleyi	104604at3193	197.9786837425434
Abronia_nealleyi	249892at3193	57.856830833729774
Abronia_nealleyi	625256at3193	72.72157599309107
Abronia_nealleyi	689805at3193	71.1807644512404
Abronia_nealleyi	221887at3193	10.720964829475333
Abronia_nealleyi	657636at3193	51.44039695003426
Abronia_nealleyi	650409at3193	117.34854919451628
Abronia_nealleyi	159717at3193	13.371581195316294
Abronia_nealleyi	528336at3193	0.6038630962864786
Abronia_nealleyi	673750at3193	23.786414334670262
Abronia_nealleyi	269518at3193	107.04116294202609
Abronia_nealleyi	615013at3193	7.772371224748199
Abronia_nealleyi	552885at3193	11.923826332267293
Abronia_nealleyi	584753at3193	3.0305578314809187
Abronia_nealleyi	100585at3193	8.041088373908073
Abronia_nealleyi	604350at3193	66.76416976017687
Abronia_nealleyi	603586at3193	30.59538111606008
Abronia_nealleyi	94830at3193	4.738095922851234
Abronia_nealleyi	434678at3193	21.424801314076735
Abronia_nealleyi	521492at3193	10.11649614526624
Abronia_nealleyi	673472at3193	10.527756299841379
Abronia_nealleyi	226573at3193	90.92492936846294
Atriplex_centralasiatica	538786at3193	1.3616124256041564
Atriplex_centralasiatica	249892at3193	23.95257211884781
Atriplex_centralasiatica	580017at3193	0.7750019643619163
Atriplex_centralasiatica	662669at3193	24.385516695580993
Atriplex_centralasiatica	658963at3193	1.112425113241301
Atriplex_centralasiatica	684981at3193	27.947265139449506
Atriplex_centralasiatica	604350at3193	76.32968747853579
Atriplex_centralasiatica	719913at3193	7.39484923065033
Atriplex_centralasiatica	657636at3193	20.862386907957067
Atriplex_centralasiatica	104604at3193	240.81416424883608
Atriplex_centralasiatica	603586at3193	11.626605383688052
Atriplex_centralasiatica	608120at3193	13.005828262895406
Atriplex_centralasiatica	221887at3193	6.71559382532211
Atriplex_centralasiatica	353287at3193	16.835119137401964
Atriplex_centralasiatica	615013at3193	6.281211872594176
Atriplex_centralasiatica	226573at3193	27.527135722187634
Atriplex_centralasiatica	679178at3193	235.33135412908703
Atriplex_centralasiatica	170431at3193	15.927338266690901
Atriplex_centralasiatica	619620at3193	200.80315824546253
Atriplex_centralasiatica	611513at3193	3203.459098168904
Atriplex_centralasiatica	603128at3193	16.106300236929332
Atriplex_centralasiatica	602252at3193	8.948427549799671
Atriplex_centralasiatica	608131at3193	52.988259924204534
Atriplex_centralasiatica	718560at3193	14.968487253708396
Atriplex_centralasiatica	659139at3193	227.14696985052302
Atriplex_centralasiatica	649854at3193	37.2136645041851
Atriplex_centralasiatica	216901at3193	24.87041462152215
Atriplex_centralasiatica	673472at3193	14.199872087742447
Atriplex_centralasiatica	94385at3193	11.361418171547443
Atriplex_centralasiatica	117372at3193	31.086459676426454
Atriplex_centralasiatica	542303at3193	18.262641313589672
Atriplex_centralasiatica	669896at3193	196.85816726226983
Atriplex_centralasiatica	269518at3193	95.21853982791235
Atriplex_centralasiatica	625256at3193	32.892531272726586
Atriplex_centralasiatica	454128at3193	17.805798196220824
Atriplex_centralasiatica	400733at3193	3.9339422375945015
Atriplex_centralasiatica	296827at3193	13.70867048876405
Atriplex_centralasiatica	552885at3193	11.76357172998336
Atriplex_centralasiatica	100585at3193	0.40080103957820135
Atriplex_centralasiatica	240384at3193	14.31844694841813
Atriplex_centralasiatica	673750at3193	11.23130966734759
Atriplex_centralasiatica	650409at3193	38.199548576538824
Atriplex_centralasiatica	265326at3193	31.518884719667547
Atriplex_centralasiatica	229021at3193	101.13533359137867
Atriplex_centralasiatica	584753at3193	68.83749498925278
Atriplex_centralasiatica	607225at3193	44.45024651536485
Atriplex_centralasiatica	531730at3193	7.775719233694043
Atriplex_centralasiatica	640011at3193	7.9905116971029075
Atriplex_centralasiatica	472276at3193	7.88416319127417
Atriplex_centralasiatica	724170at3193	5.5077996807180245
Atriplex_centralasiatica	525045at3193	63.426900024902885
Atriplex_centralasiatica	720782at3193	6.623186134864181
Atriplex_centralasiatica	45243at3193	149.886971065503
Atriplex_centralasiatica	567568at3193	234.15374488037284
Atriplex_centralasiatica	513493at3193	1.3366263281917314
Atriplex_centralasiatica	159717at3193	7.260324691767796
Atriplex_centralasiatica	434678at3193	36.37198561144966
Atriplex_centralasiatica	419660at3193	0.9209285316172946
Atriplex_centralasiatica	581641at3193	18.706322915825833
Atriplex_centralasiatica	350851at3193	21.25480787230802
Atriplex_centralasiatica	542760at3193	30.61351102080312
Atriplex_centralasiatica	248721at3193	3.273857618124026
Atriplex_centralasiatica	629054at3193	10.070134994766132
Atriplex_centralasiatica	646410at3193	133.45810980112435
Atriplex_centralasiatica	294374at3193	1.8946693744828096
Atriplex_centralasiatica	521492at3193	4.913107010117329
Atriplex_centralasiatica	60532at3193	10.674058043742779
Atriplex_centralasiatica	414550at3193	305.5168653524563
Atriplex_lentiformis	350851at3193	49.99409447317803
Atriplex_lentiformis	454128at3193	27.54282513363866
Atriplex_lentiformis	662669at3193	67.42179668892784
Atriplex_lentiformis	538786at3193	6.197764007806268
Atriplex_lentiformis	646410at3193	6.830474529829594
Atriplex_lentiformis	673472at3193	5.936260776418158
Atriplex_lentiformis	580017at3193	4.688082816416016
Atriplex_lentiformis	615013at3193	11.456054783002896
Atriplex_lentiformis	659139at3193	453.6724847348301
Atriplex_lentiformis	531730at3193	12.097987172541638
Atriplex_lentiformis	629054at3193	14.971936978487891
Atriplex_lentiformis	265326at3193	80.49768154206001
Atriplex_lentiformis	249892at3193	7.873865551872748
Atriplex_lentiformis	400733at3193	8.22060777045236
Atriplex_lentiformis	603586at3193	20.550479705773775
Atriplex_lentiformis	170431at3193	22.797541423696632
Atriplex_lentiformis	718560at3193	34.95340937646738
Atriplex_lentiformis	608120at3193	22.889760098850783
Atriplex_lentiformis	657636at3193	21.82761794619296
Atriplex_lentiformis	216901at3193	22.920680478167178
Atriplex_lentiformis	519562at3193	81.14266980534407
Atriplex_lentiformis	673750at3193	23.557712620457533
Atriplex_lentiformis	248721at3193	3.8332590947606215
Atriplex_lentiformis	94385at3193	20.115062902300835
Atriplex_lentiformis	620971at3193	3.0041408767521176
Atriplex_lentiformis	719913at3193	11.588271048243517
Atriplex_lentiformis	619620at3193	269.1519567979539
Atriplex_lentiformis	607225at3193	32.01705826700014
Atriplex_lentiformis	581641at3193	2.0338195931987553
Atriplex_lentiformis	679178at3193	420.1645578861711
Atriplex_lentiformis	552885at3193	20.695317272045298
Atriplex_lentiformis	608131at3193	80.75969107205681
Atriplex_lentiformis	650409at3193	46.90693870669401
Atriplex_lentiformis	649854at3193	25.568441380681413
Atriplex_lentiformis	669896at3193	215.26551094954397
Atriplex_lentiformis	226573at3193	39.279369345855514
Atriplex_lentiformis	584753at3193	247.89103165162987
Atriplex_lentiformis	611513at3193	430.82937643635137
Atriplex_lentiformis	414550at3193	316.9411208302894
Atriplex_lentiformis	640011at3193	14.593135208722334
Atriplex_lentiformis	684981at3193	5.857205865089932
Atriplex_lentiformis	604350at3193	51.12748007291574
Atriplex_lentiformis	521492at3193	21.475378771290426
Atriplex_lentiformis	269518at3193	140.2960677515779
Atriplex_lentiformis	602252at3193	22.053282468923115
Atriplex_lentiformis	567568at3193	366.134178576148
Atriplex_lentiformis	419660at3193	1.2307468221886906
Atriplex_lentiformis	542760at3193	25.56789891788639
Atriplex_lentiformis	165594at3193	313.6501798738078
Atriplex_lentiformis	104604at3193	322.20300994202626
Atriplex_lentiformis	221887at3193	15.661877325386298
Atriplex_lentiformis	539334at3193	11.2932978624024
Atriplex_lentiformis	504118at3193	8.54134793905714
Atriplex_lentiformis	472276at3193	13.277174714272572
Atriplex_lentiformis	100585at3193	4.579597490248398
Atriplex_lentiformis	159717at3193	35.71538878254502
Atriplex_lentiformis	296827at3193	15.114514283113479
Atriplex_lentiformis	292968at3193	77.70526389420593
Atriplex_lentiformis	542303at3193	25.062142771991947
Atriplex_lentiformis	164746at3193	4.138719894638878
Atriplex_lentiformis	406705at3193	42.154422159484994
Atriplex_lentiformis	98321at3193	8.006443458976717
Atriplex_lentiformis	229021at3193	48.895426492321896
Atriplex_lentiformis	60532at3193	19.739497827212254
Atriplex_lentiformis	625256at3193	87.1564123509849
Atriplex_lentiformis	603128at3193	14.864601673445726
Atriplex_lentiformis	434678at3193	44.31107341157045
Atriplex_lentiformis	689805at3193	39.2701474783401
Atriplex_lentiformis	294374at3193	3.259224965065771
Atriplex_lentiformis	525045at3193	198.0658239286361
Bassia_scoparia	669896at3193	14.472696929370256
Bassia_scoparia	159717at3193	32.51733736591201
Bassia_scoparia	296827at3193	57.49266307381419
Bassia_scoparia	472276at3193	16.046743929579804
Bassia_scoparia	539334at3193	0.8454337449856271
Bassia_scoparia	567568at3193	108.83467794772899
Bassia_scoparia	512294at3193	94.73689776396132
Bassia_scoparia	216901at3193	35.25749796191943
Bassia_scoparia	529272at3193	91.14744654421503
Bassia_scoparia	679178at3193	126.32758484592028
Bassia_scoparia	521492at3193	37.16243332695416
Bassia_scoparia	292968at3193	20.47347466792647
Bassia_scoparia	673472at3193	8.17593890998311
Bassia_scoparia	542760at3193	39.77433974944858
Bassia_scoparia	229021at3193	48.38587647056304
Bassia_scoparia	640011at3193	17.35427024396535
Bassia_scoparia	249892at3193	2.3399261434256413
Bassia_scoparia	221887at3193	8.428020359706853
Bassia_scoparia	584753at3193	99.13418371297767
Bassia_scoparia	400733at3193	5.178822095232721
Bassia_scoparia	684981at3193	1.057619448411836
Bassia_scoparia	542303at3193	18.27773730745027
Bassia_scoparia	226573at3193	31.532389730362148
Bassia_scoparia	650409at3193	56.489578484434205
Bassia_scoparia	604350at3193	52.98433455032774
Bassia_scoparia	248721at3193	3.309605424985874
Bassia_scoparia	686775at3193	610.1807974228271
Bassia_scoparia	720782at3193	111.13825615511142
Bassia_scoparia	504118at3193	0.38831958434112257
Bassia_scoparia	719913at3193	14.920920281218853
Bassia_scoparia	718560at3193	37.56903422047221
Bassia_scoparia	269518at3193	126.11234732240572
Bassia_scoparia	229404at3193	60.61332955833917
Bassia_scoparia	602252at3193	11.736404316373557
Bassia_scoparia	615013at3193	29.807898548841344
Bassia_scoparia	649854at3193	26.74775026740257
Bassia_scoparia	620971at3193	1.8390093885718273
Bassia_scoparia	552885at3193	13.95699670643532
Bassia_scoparia	454128at3193	12.895207609352132
Bassia_scoparia	646410at3193	52.13763491999315
Bassia_scoparia	94385at3193	5.929951083140032
Bassia_scoparia	629054at3193	24.99266685661525
Bassia_scoparia	525045at3193	323.7422199451579
Bassia_scoparia	434678at3193	107.29061244262638
Bassia_scoparia	60532at3193	7.439093698571803
Bassia_scoparia	419660at3193	0.8733868623989027
Bassia_scoparia	611513at3193	586.2992410734556
Bassia_scoparia	613931at3193	1.4125374263523496
Bassia_scoparia	581641at3193	1.4622030684936806
Bassia_scoparia	603586at3193	50.15552496570169
Bassia_scoparia	580017at3193	5.400259495821864
Bassia_scoparia	657636at3193	8.527995690921445
Bassia_scoparia	414550at3193	277.4916921816551
Bassia_scoparia	689805at3193	5.2703396836918355
Bassia_scoparia	603128at3193	22.099137958168875
Bassia_scoparia	240384at3193	36.42103907140872
Bassia_scoparia	120857at3193	4.994232322271908
Bassia_scoparia	625256at3193	19.725973070785184
Bassia_scoparia	350851at3193	17.195793983100756
Bassia_scoparia	519562at3193	11.671647988361737
Bassia_scoparia	96148at3193	0.2741696684954243
Bassia_scoparia	659139at3193	199.7711436004508
Bassia_scoparia	608131at3193	36.97440123418477
Bassia_scoparia	662669at3193	29.669835614583505
Bassia_scoparia	531730at3193	4.104244594989724
Bassia_scoparia	608120at3193	22.56829283530509
Carex_breviculmis	731626at3193	4.021767766301032
Carex_breviculmis	729478at3193	4.418926800661503
Carex_breviculmis	608131at3193	71.95560757629917
Carex_breviculmis	724068at3193	4.066454074815487
Carex_breviculmis	650409at3193	119.29918932005486
Carex_breviculmis	269518at3193	126.35479767183415
Carex_breviculmis	226573at3193	15.737414902235878
Carex_breviculmis	112673at3193	0.0
Carex_breviculmis	434678at3193	23.900784534418815
Carex_breviculmis	159717at3193	22.162349855351934
Carex_breviculmis	615013at3193	34.137215450423604
Carex_breviculmis	659139at3193	208.8233326980713
Carex_breviculmis	104604at3193	61.3023726915764
Carex_breviculmis	120857at3193	0.9844005600766609
Carex_breviculmis	662669at3193	184.44463188106567
Carex_breviculmis	165594at3193	1.0968145549333392
Carex_breviculmis	613094at3193	11.178748713084254
Carex_breviculmis	521492at3193	45.99991557089251
Carex_breviculmis	719913at3193	60.7652375827697
Carex_breviculmis	567568at3193	70.13887718294956
Carex_breviculmis	100585at3193	12.675385019384354
Carex_breviculmis	686775at3193	1.9057669163208542
Carex_breviculmis	657636at3193	44.67352747282572
Carex_breviculmis	292968at3193	90.53308827174222
Carex_breviculmis	725693at3193	0.8740480998977419
Carex_breviculmis	625256at3193	29.937530850911145
Carex_breviculmis	619620at3193	324.0751448313735
Carex_breviculmis	648518at3193	77.86825944600056
Carex_breviculmis	265326at3193	94.30231212286884
Carex_breviculmis	472276at3193	20.116933491204282
Carex_breviculmis	669896at3193	516.8132526146984
Carex_breviculmis	513493at3193	1.9343964495724886
Carex_breviculmis	542760at3193	120.79575462056812
Carex_breviculmis	249892at3193	6.155112963145295
Carex_breviculmis	649854at3193	16.617910327578183
Carex_breviculmis	414550at3193	605.2864630103744
Carex_breviculmis	504118at3193	6.443396457693003
Carex_breviculmis	296827at3193	15.249202780558079
Carex_breviculmis	229021at3193	146.52777839744638
Carex_breviculmis	603586at3193	27.70645802278712
Carex_breviculmis	45243at3193	303.7580223584874
Carex_breviculmis	730039at3193	1.5061629160337175
Carex_breviculmis	666027at3193	1.1586203586535715
Carex_breviculmis	529272at3193	3.012325832067435
Carex_breviculmis	248721at3193	11.841800750543982
Carex_breviculmis	646410at3193	1.6435567466987417
Carex_breviculmis	117372at3193	0.7194377327849343
Carex_breviculmis	542303at3193	15.682172400078706
Carex_breviculmis	640011at3193	13.41211739498259
Carex_breviculmis	689805at3193	37.13815668800192
Carex_breviculmis	611513at3193	3353.011597298939
Carex_breviculmis	636037at3193	13.307738888336008
Carex_breviculmis	722745at3193	19.3396568113236
Carex_breviculmis	94385at3193	46.53009211258944
Carex_breviculmis	603128at3193	101.94348153007591
Carex_breviculmis	512294at3193	117.62581961032392
Carex_breviculmis	608120at3193	59.98379523006138
Carex_breviculmis	170431at3193	51.37813055168691
Carex_breviculmis	620971at3193	1.4190837859195575
Carex_breviculmis	726536at3193	0.4193152067123688
Carex_breviculmis	718560at3193	16.26645535134346
Carex_breviculmis	604350at3193	78.52979669334115
Carex_breviculmis	679178at3193	25.77865091023287
Carex_breviculmis	629054at3193	8.770871475742547
Carex_breviculmis	353287at3193	20.047537168871454
Carex_breviculmis	584753at3193	23.772264060248528
Carex_breviculmis	454128at3193	65.88366605813259
Carex_breviculmis	673472at3193	10.125425202586989
Carex_breviculmis	729298at3193	141.87926621935364
Carex_breviculmis	715905at3193	21.267014220561233
Carex_breviculmis	724834at3193	1.0739009875218746
Carex_breviculmis	113619at3193	248.60546086463935
Carex_breviculmis	400733at3193	4.195424252302389
Carex_nigra	414550at3193	174.41069210785102
Carex_nigra	454128at3193	141.04347958135085
Carex_nigra	60532at3193	9.240389513009955
Carex_nigra	512294at3193	0.4490580310791051
Carex_nigra	229021at3193	270.22218836464947
Carex_nigra	686775at3193	4.92681522648309
Carex_nigra	604350at3193	21.724764393497445
Carex_nigra	165594at3193	251.61552978089244
Carex_nigra	636037at3193	15.369230019616568
Carex_nigra	45243at3193	79.88150738975916
Carex_nigra	104604at3193	222.3724635559025
Carex_nigra	560701at3193	11.15677436683237
Carex_nigra	265326at3193	36.87136742385895
Carex_nigra	662669at3193	0.8377270734486351
Carex_nigra	521492at3193	5.398683740057634
Carex_nigra	567568at3193	698.5289051861996
Carex_nigra	650409at3193	179.32331476002219
Carex_nigra	679178at3193	119.2441834233383
Carex_nigra	542303at3193	11.919825813414192
Carex_nigra	400733at3193	2.1521475824211223
Carex_nigra	419660at3193	1.7187235157545981
Carex_nigra	248721at3193	9.089500038746614
Carex_nigra	472276at3193	4.611009698665699
Carex_nigra	607225at3193	11.931141140692098
Carex_nigra	94385at3193	50.740528102802124
Carex_nigra	684981at3193	2.36698940518229
Carex_nigra	170431at3193	18.647548690643937
Carex_nigra	564275at3193	2.083984493552398
Carex_nigra	613094at3193	4.041259454261726
Carex_nigra	657636at3193	11.178851704650882
Carex_nigra	603128at3193	27.792269739773687
Carex_nigra	615013at3193	8.214152960328544
Carex_nigra	724068at3193	0.37890576853976576
Carex_nigra	608131at3193	65.12012347191008
Carex_nigra	669896at3193	1280.729052837926
Carex_nigra	269518at3193	110.74966487221681
Carex_nigra	659139at3193	1.9244577450197096
Carex_nigra	602252at3193	16.527100624103074
Carex_nigra	629054at3193	3.0496881951725343
Carex_nigra	296827at3193	2.1696628237405435
Carex_nigra	226573at3193	5.754632397166574
Carex_nigra	608120at3193	26.547279414998354
Carex_nigra	528336at3193	1.1713659997093981
Carex_nigra	542760at3193	68.2098441330267
Carex_nigra	648518at3193	15.22719361315012
Carex_nigra	100585at3193	8.00253697414587
Carex_nigra	625256at3193	9.71643556795116
Carex_nigra	249892at3193	17.770099008624104
Carex_nigra	640011at3193	2.6719360920300517
Carex_nigra	719913at3193	15.157669365107624
Carex_nigra	611513at3193	1901.4812675030785
Carex_nigra	673472at3193	8.416611554508806
Carex_nigra	292968at3193	41.26027578417003
Carex_nigra	619620at3193	925.173250612473
Carex_nigra	216901at3193	1906.3781206282363
Carex_nigra	164746at3193	16.11413267721475
Carex_nigra	649854at3193	17.637496652528725
Carex_nigra	646410at3193	10.767848032179995
Carex_nigra	718560at3193	32.558816773296094
Carex_nigra	525045at3193	55.991780598204585
Carex_nigra	689805at3193	36.11138688516918
Carex_nigra	353287at3193	19.88459892023893
Carex_nigra	724834at3193	1.252667594505453
Carex_nigra	724170at3193	1.1045751363491925
Carex_nigra	567521at3193	1.2161182574227063
Cyperus_brevifolius	646410at3193	11.780066610878798
Cyperus_brevifolius	104604at3193	165.301031589696
Cyperus_brevifolius	607225at3193	13.528169265960729
Cyperus_brevifolius	513493at3193	3.8225408329827957
Cyperus_brevifolius	648518at3193	31.297161010063675
Cyperus_brevifolius	400733at3193	1.003265852634129
Cyperus_brevifolius	94830at3193	0.9894945836776191
Cyperus_brevifolius	60532at3193	22.398773727123682
Cyperus_brevifolius	165594at3193	41.761523288031
Cyperus_brevifolius	580017at3193	5.517236644851437
Cyperus_brevifolius	686775at3193	1.241306441515021
Cyperus_brevifolius	353287at3193	9.206100806297554
Cyperus_brevifolius	649854at3193	4.741119764074527
Cyperus_brevifolius	650409at3193	24.50221491829855
Cyperus_brevifolius	94385at3193	30.201241324020813
Cyperus_brevifolius	269518at3193	155.8458615406027
Cyperus_brevifolius	560701at3193	0.6333938972035074
Cyperus_brevifolius	603128at3193	31.70789624011879
Cyperus_brevifolius	100585at3193	5.659961505642528
Cyperus_brevifolius	684981at3193	1.314536703509766
Cyperus_brevifolius	615013at3193	20.727674541588648
Cyperus_brevifolius	521492at3193	26.288368775908896
Cyperus_brevifolius	45243at3193	65.12349741068155
Cyperus_brevifolius	265326at3193	63.316112221024035
Cyperus_brevifolius	662669at3193	55.20127560090398
Cyperus_brevifolius	608131at3193	84.91875792682058
Cyperus_brevifolius	528336at3193	1.276830909035876
Cyperus_brevifolius	504118at3193	0.8706441774379042
Cyperus_brevifolius	603586at3193	3.2439823416528712
Cyperus_brevifolius	229021at3193	68.66205275187853
Cyperus_brevifolius	472276at3193	6.374130202727395
Cyperus_brevifolius	249892at3193	78.14425473567383
Cyperus_brevifolius	611513at3193	587.6629971149665
Cyperus_brevifolius	296827at3193	4.4322048213968746
Cyperus_brevifolius	673750at3193	28.14625112136388
Cyperus_brevifolius	689805at3193	25.246888402807524
Cyperus_brevifolius	718560at3193	21.94429932494661
Cyperus_brevifolius	719913at3193	18.67358540342178
Cyperus_brevifolius	641365at3193	3.3903490047579785
Cyperus_brevifolius	604350at3193	34.6209626477949
Cyperus_brevifolius	659139at3193	163.74876028378844
Cyperus_brevifolius	226573at3193	3.184399452247252
Cyperus_brevifolius	657636at3193	6.444507093836931
Cyperus_brevifolius	248721at3193	8.37897992094753
Cyperus_brevifolius	170431at3193	12.341185749890565
Cyperus_brevifolius	629054at3193	2.185419287594
Cyperus_brevifolius	542303at3193	9.171766494790663
Cyperus_brevifolius	525045at3193	196.9426620454412
Cyperus_brevifolius	619620at3193	561.5433902091762
Cyperus_brevifolius	567568at3193	9.389429885672248
Cyperus_brevifolius	620971at3193	1.021563093435533
Cyperus_brevifolius	679178at3193	19.580694534442042
Cyperus_brevifolius	414550at3193	88.4327217163095
Cyperus_brevifolius	542760at3193	33.73153690739218
Cyperus_brevifolius	636037at3193	3.0891869711302706
Cyperus_brevifolius	454128at3193	70.79682470626007
Cyperus_brevifolius	669896at3193	487.04788349296376
Cyperus_brevifolius	608120at3193	15.883702020408453
Cyperus_brevifolius	292968at3193	54.134452789019505
Cyperus_brevifolius	673472at3193	3.816383558967343
Cyperus_brevifolius	159717at3193	19.718857756252174
Cyperus_brevifolius	724170at3193	1.0498114651991044
Cyperus_esculentus-var-sativus	649854at3193	76.3198953476942
Cyperus_esculentus-var-sativus	521492at3193	18.036707458313195
Cyperus_esculentus-var-sativus	226573at3193	5.807810100061666
Cyperus_esculentus-var-sativus	657636at3193	44.53309687827141
Cyperus_esculentus-var-sativus	265326at3193	38.40994825739302
Cyperus_esculentus-var-sativus	248721at3193	20.639286196196597
Cyperus_esculentus-var-sativus	629054at3193	5.384105261883883
Cyperus_esculentus-var-sativus	679178at3193	24.73081185023875
Cyperus_esculentus-var-sativus	620971at3193	1.3786285125443865
Cyperus_esculentus-var-sativus	646410at3193	48.024856796139765
Cyperus_esculentus-var-sativus	584753at3193	50.015434891050546
Cyperus_esculentus-var-sativus	229021at3193	135.90035649295052
Cyperus_esculentus-var-sativus	719913at3193	48.255022298037495
Cyperus_esculentus-var-sativus	608131at3193	83.14669839971558
Cyperus_esculentus-var-sativus	542086at3193	0.5317824667267428
Cyperus_esculentus-var-sativus	718560at3193	48.059224511866816
Cyperus_esculentus-var-sativus	353287at3193	33.329025164305826
Cyperus_esculentus-var-sativus	608120at3193	58.73619366005294
Cyperus_esculentus-var-sativus	669896at3193	196.44979083476267
Cyperus_esculentus-var-sativus	567568at3193	296.0218417925603
Cyperus_esculentus-var-sativus	611513at3193	157.29435772651314
Cyperus_esculentus-var-sativus	45243at3193	32.52293530160153
Cyperus_esculentus-var-sativus	100585at3193	3.607490745742368
Cyperus_esculentus-var-sativus	400733at3193	8.468539012955238
Cyperus_esculentus-var-sativus	454128at3193	103.23943972237856
Cyperus_esculentus-var-sativus	542760at3193	71.25782540152014
Cyperus_esculentus-var-sativus	603128at3193	44.82394594679576
Cyperus_esculentus-var-sativus	689805at3193	22.187797273384003
Cyperus_esculentus-var-sativus	292968at3193	73.08775897377534
Cyperus_esculentus-var-sativus	159717at3193	10.038318796504013
Cyperus_esculentus-var-sativus	165594at3193	82.06185690442284
Cyperus_esculentus-var-sativus	650409at3193	41.057440690058
Cyperus_esculentus-var-sativus	619620at3193	295.25991935423895
Cyperus_esculentus-var-sativus	472276at3193	17.5021421885473
Cyperus_esculentus-var-sativus	104604at3193	99.55620253117378
Cyperus_esculentus-var-sativus	562871at3193	2.94876964807566
Cyperus_esculentus-var-sativus	603586at3193	7.870010514547623
Cyperus_esculentus-var-sativus	615013at3193	11.630015363339291
Cyperus_esculentus-var-sativus	269518at3193	106.45233017549027
Cyperus_esculentus-var-sativus	414550at3193	96.17245543416186
Cyperus_esculentus-var-sativus	542303at3193	10.315813552631571
Cyperus_esculentus-var-sativus	686775at3193	719.392881076508
Cyperus_esculentus-var-sativus	662669at3193	92.43364073695275
Cyperus_esculentus-var-sativus	113619at3193	6.7665908140675795
Cyperus_esculentus-var-sativus	94385at3193	63.79413948033976
Cyperus_esculentus-var-sativus	525045at3193	98.3619735063955
Cyperus_esculentus-var-sativus	296827at3193	4.0676646399802285
Cyperus_esculentus-var-sativus	640011at3193	3.7042702332297432
Cyperus_esculentus-var-sativus	170431at3193	10.446901839761892
Cyperus_esculentus-var-sativus	604350at3193	60.39330671893782
Cyperus_esculentus-var-sativus	673472at3193	12.394844328476431
Euphorbia_maculata	296827at3193	20.72266162681845
Euphorbia_maculata	709048at3193	13.317087211020175
Euphorbia_maculata	104604at3193	38.13368129608942
Euphorbia_maculata	229021at3193	77.94940246954792
Euphorbia_maculata	722763at3193	5.454470523767398
Euphorbia_maculata	646410at3193	5.9960575787991655
Euphorbia_maculata	615013at3193	5.895298397101381
Euphorbia_maculata	620971at3193	2.7000018878381407
Euphorbia_maculata	731626at3193	2.4956268166437945
Euphorbia_maculata	265326at3193	21.760713520927826
Euphorbia_maculata	562611at3193	1.263397954000038
Euphorbia_maculata	657636at3193	30.152722906909887
Euphorbia_maculata	538277at3193	25.00256060004461
Euphorbia_maculata	625256at3193	21.260738028892682
Euphorbia_maculata	584753at3193	451.4489046999249
Euphorbia_maculata	210483at3193	19.055273562822137
Euphorbia_maculata	706168at3193	1.6600139718771834
Euphorbia_maculata	414550at3193	3.1893077483356858
Euphorbia_maculata	94385at3193	50.00563747258298
Euphorbia_maculata	132087at3193	8.445082198340037
Euphorbia_maculata	650409at3193	183.73503037561167
Euphorbia_maculata	400733at3193	7.175568136197321
Euphorbia_maculata	419660at3193	2.716470980388914
Euphorbia_maculata	527718at3193	4.801575119082125
Euphorbia_maculata	673750at3193	16.147076187335866
Euphorbia_maculata	529272at3193	795.3441065262409
Euphorbia_maculata	640011at3193	2.913360100423818
Euphorbia_maculata	240384at3193	6.0713008529472825
Euphorbia_maculata	679178at3193	62.02583785384155
Euphorbia_maculata	350851at3193	20.491199458785108
Euphorbia_maculata	689805at3193	21.420851338289133
Euphorbia_maculata	159717at3193	3.6860203982102986
Euphorbia_maculata	560792at3193	5.312891396896744
Euphorbia_maculata	730039at3193	0.952223312930977
Euphorbia_maculata	534274at3193	2.111397896800136
Euphorbia_maculata	669896at3193	336.5477132287902
Euphorbia_maculata	304304at3193	21.806833863703243
Euphorbia_maculata	719913at3193	93.62439908859452
Euphorbia_maculata	512294at3193	1.0261156740537696
Euphorbia_maculata	602252at3193	14.34883025525587
Euphorbia_maculata	611513at3193	241.87366332406
Euphorbia_maculata	673472at3193	13.67578301423104
Euphorbia_maculata	472276at3193	5.008755270825872
Euphorbia_maculata	60532at3193	10.251295935906981
Euphorbia_maculata	578636at3193	15.587316340523934
Euphorbia_maculata	221887at3193	5.18119028373993
Euphorbia_maculata	353287at3193	18.100909439950392
Euphorbia_maculata	659139at3193	241.3109263058674
Euphorbia_maculata	724834at3193	12.55048451049375
Euphorbia_maculata	543204at3193	2.501236977742595
Euphorbia_maculata	117372at3193	28.84345586274806
Euphorbia_maculata	528336at3193	0.957441106934524
Euphorbia_maculata	629054at3193	3.335825882063259
Euphorbia_maculata	542760at3193	29.11494635813051
Euphorbia_maculata	521492at3193	11.01577503557576
Euphorbia_maculata	608120at3193	34.88143476804011
Euphorbia_maculata	619620at3193	991.0934689857655
Euphorbia_maculata	607225at3193	7.607911931550601
Euphorbia_maculata	718560at3193	40.68003532706123
Euphorbia_maculata	603128at3193	7.864413315531043
Euphorbia_maculata	165594at3193	101.74199243506284
Euphorbia_maculata	648518at3193	15.172233255545182
Euphorbia_maculata	662669at3193	93.12471615097247
Euphorbia_maculata	564275at3193	1.4026659010069835
Euphorbia_maculata	248721at3193	30.492430207800457
Euphorbia_maculata	649854at3193	1.188722579595051
Euphorbia_maculata	170431at3193	5.564161219607139
Euphorbia_maculata	454128at3193	45.99034536148921
Euphorbia_maculata	613931at3193	2.889756122009355
Euphorbia_maculata	603586at3193	13.838925122257512
Euphorbia_maculata	45243at3193	49.267711988176316
Euphorbia_maculata	99581at3193	0.512083802922001
Euphorbia_maculata	226573at3193	5.597718931701192
Euphorbia_maculata	292968at3193	114.09949084557448
Euphorbia_maculata	581641at3193	1.3054621158828554
Euphorbia_maculata	722745at3193	1.2080879608357882
Euphorbia_maculata	608131at3193	57.106432142601506
Euphorbia_maculata	542303at3193	7.869937431214217
Euphorbia_maculata	269518at3193	96.4265024666142
Euphorbia_maculata	406705at3193	9.498570640012682
Euphorbia_maculata	112673at3193	0.6386342374994567
Euphorbia_maculata	720782at3193	256.43351135659645
Euphorbia_maculata	686775at3193	441.33209946954923
Euphorbia_maculata	346725at3193	1.2617906256361484
Euphorbia_maculata	567568at3193	155.73950045660627
Euphorbia_maculata	552885at3193	16.39874181895814
Euphorbia_maculata	525045at3193	23.127975175221426
Euphorbia_pulcherrima	724170at3193	12.401149298530392
Euphorbia_pulcherrima	686775at3193	323.2465944948853
Euphorbia_pulcherrima	707858at3193	1.6466870289188749
Euphorbia_pulcherrima	221887at3193	9.558536205503751
Euphorbia_pulcherrima	602252at3193	18.12828551886184
Euphorbia_pulcherrima	725957at3193	85.23725018339492
Euphorbia_pulcherrima	629054at3193	6.236110777007668
Euphorbia_pulcherrima	584753at3193	261.58810866265617
Euphorbia_pulcherrima	210483at3193	1.7285309732750074
Euphorbia_pulcherrima	265326at3193	40.701635395614964
Euphorbia_pulcherrima	662669at3193	358.18600094462016
Euphorbia_pulcherrima	504118at3193	6.654038662065354
Euphorbia_pulcherrima	406705at3193	22.74013731733927
Euphorbia_pulcherrima	620971at3193	2.414069136213855
Euphorbia_pulcherrima	525045at3193	215.62989762486654
Euphorbia_pulcherrima	527718at3193	9.349646873920978
Euphorbia_pulcherrima	659139at3193	186.25416120784777
Euphorbia_pulcherrima	539334at3193	5.386121561965325
Euphorbia_pulcherrima	400733at3193	17.117754865290067
Euphorbia_pulcherrima	229021at3193	319.8396455231985
Euphorbia_pulcherrima	673750at3193	27.57682387244528
Euphorbia_pulcherrima	611513at3193	1454.7684899550472
Euphorbia_pulcherrima	350851at3193	80.87020755767968
Euphorbia_pulcherrima	454128at3193	53.0285574615123
Euphorbia_pulcherrima	615013at3193	8.33255045709505
Euphorbia_pulcherrima	640011at3193	3.593604241340705
Euphorbia_pulcherrima	603586at3193	5.338178699762074
Euphorbia_pulcherrima	567568at3193	27.511827079711747
Euphorbia_pulcherrima	679178at3193	27.053289522578833
Euphorbia_pulcherrima	608120at3193	41.70048410677349
Euphorbia_pulcherrima	607225at3193	9.898101279774798
Euphorbia_pulcherrima	650409at3193	155.97418275928723
Euphorbia_pulcherrima	165594at3193	42.26326381427275
Euphorbia_pulcherrima	104604at3193	293.07375736488126
Euphorbia_pulcherrima	625256at3193	22.493921195308342
Euphorbia_pulcherrima	542303at3193	7.389276242052072
Euphorbia_pulcherrima	249892at3193	16.229159815009805
Euphorbia_pulcherrima	248721at3193	1.8563992126497342
Euphorbia_pulcherrima	170431at3193	10.297802776578248
Euphorbia_pulcherrima	719913at3193	27.500315676603808
Euphorbia_pulcherrima	570523at3193	5.832636098074394
Euphorbia_pulcherrima	164746at3193	55.63375852414428
Euphorbia_pulcherrima	294374at3193	23.739071298150446
Euphorbia_pulcherrima	604350at3193	14.64092726472478
Euphorbia_pulcherrima	94385at3193	42.462389770626935
Euphorbia_pulcherrima	292968at3193	156.36898125106325
Euphorbia_pulcherrima	353287at3193	42.47622477176962
Euphorbia_pulcherrima	718560at3193	47.48816178048743
Euphorbia_pulcherrima	269518at3193	49.434015253992435
Euphorbia_pulcherrima	211209at3193	2.0606903782132804
Euphorbia_pulcherrima	60532at3193	37.95522778819227
Euphorbia_pulcherrima	689805at3193	55.56554280202316
Euphorbia_pulcherrima	673472at3193	11.499124277957531
Euphorbia_pulcherrima	657636at3193	26.182260020744753
Euphorbia_pulcherrima	472276at3193	8.788380702756285
Euphorbia_pulcherrima	578636at3193	0.96686832793162
Euphorbia_pulcherrima	531730at3193	4.571583205012804
Euphorbia_pulcherrima	525507at3193	11.467681093542327
Euphorbia_pulcherrima	414550at3193	70.80045846711761
Euphorbia_pulcherrima	552885at3193	16.193431830548864
Euphorbia_pulcherrima	132087at3193	5.434043106755414
Euphorbia_pulcherrima	542760at3193	21.28701453168039
Euphorbia_pulcherrima	240384at3193	16.237068575293222
Euphorbia_pulcherrima	159717at3193	10.815879868675006
Euphorbia_pulcherrima	99581at3193	2.335962134385171
Euphorbia_pulcherrima	296827at3193	12.3294162032374
Euphorbia_pulcherrima	529272at3193	1.7522295414881484
Euphorbia_pulcherrima	226573at3193	132.59439514258347
Euphorbia_pulcherrima	543204at3193	18.200125201220647
Euphorbia_pulcherrima	669896at3193	6.118779734959338
Euphorbia_pulcherrima	603128at3193	29.889997692159362
Euphorbia_pulcherrima	646410at3193	22.001275777114863
Euphorbia_pulcherrima	724068at3193	7.871497445208916
Euphorbia_pulcherrima	608131at3193	99.93219577307438
Euphorbia_pulcherrima	521492at3193	12.801490317728726
Flaveria_bidentis	669896at3193	171.39475406524588
Flaveria_bidentis	648518at3193	37.55838291152659
Flaveria_bidentis	689805at3193	75.18242036944369
Flaveria_bidentis	113619at3193	3.9314954370700366
Flaveria_bidentis	434678at3193	47.287827592224765
Flaveria_bidentis	414550at3193	119.77347653666487
Flaveria_bidentis	662669at3193	63.14112043997578
Flaveria_bidentis	608131at3193	21.84711252925497
Flaveria_bidentis	619620at3193	43.32918952869738
Flaveria_bidentis	353287at3193	23.688266534397133
Flaveria_bidentis	542760at3193	102.6645639149372
Flaveria_bidentis	229021at3193	41.843372796158334
Flaveria_bidentis	521492at3193	9.694462239234156
Flaveria_bidentis	248721at3193	2.3579571091276765
Flaveria_bidentis	580484at3193	1.6802191572462724
Flaveria_bidentis	226573at3193	45.795389183265755
Flaveria_bidentis	570523at3193	1.1880568104669804
Flaveria_bidentis	114180at3193	14.814345570592172
Flaveria_bidentis	659139at3193	201.08610125783815
Flaveria_bidentis	400733at3193	2.069508138663139
Flaveria_bidentis	472276at3193	2.0757706203716544
Flaveria_bidentis	719913at3193	16.82947475337239
Flaveria_bidentis	673472at3193	2.950628383038299
Flaveria_bidentis	602252at3193	12.530070228798103
Flaveria_bidentis	611513at3193	1820.878244538257
Flaveria_bidentis	646410at3193	23.414341524004712
Flaveria_bidentis	650409at3193	41.45972160999526
Flaveria_bidentis	165594at3193	203.1183624666389
Flaveria_bidentis	216901at3193	12.117058779263443
Flaveria_bidentis	578636at3193	0.8090439212301715
Flaveria_bidentis	551979at3193	1.2614902649348365
Flaveria_bidentis	608120at3193	6.694842820984854
Flaveria_bidentis	45243at3193	294.4631393073037
Flaveria_bidentis	296827at3193	4.738168673204566
Flaveria_bidentis	679178at3193	7.42496073209409
Flaveria_bidentis	673750at3193	7.5597680690215325
Flaveria_bidentis	519562at3193	0.6807192679865302
Flaveria_bidentis	584753at3193	79.12272076209294
Flaveria_bidentis	221887at3193	9.262632110251216
Flaveria_bidentis	534274at3193	0.8300162072310826
Flaveria_bidentis	641365at3193	0.5344832923700799
Flaveria_bidentis	60532at3193	4.105611169160406
Flaveria_bidentis	104604at3193	341.01446156941984
Flaveria_bidentis	170431at3193	7.607041216482072
Flaveria_bidentis	419660at3193	0.8647128546420769
Flaveria_bidentis	525045at3193	6.723390991965317
Flaveria_bidentis	657636at3193	1.328341085886136
Flaveria_bidentis	604350at3193	49.26496022139696
Flaveria_bidentis	552885at3193	3.295080494168014
Flaveria_bidentis	613931at3193	2.014894925359702
Flaveria_bidentis	249892at3193	1.3215866635945326
Flaveria_bidentis	294374at3193	2.2963786418541696
Flaveria_bidentis	615013at3193	3.0923541224517086
Flaveria_bidentis	718560at3193	8.94126216362321
Flaveria_bidentis	581641at3193	33.74478142562259
Flaveria_bidentis	269518at3193	49.04585144740577
Flaveria_bidentis	603586at3193	26.462030564944314
Flaveria_bidentis	512294at3193	62.065410364956975
Flaveria_bidentis	117372at3193	0.5536221236264032
Flaveria_bidentis	94385at3193	34.04158557741894
Flaveria_bidentis	664312at3193	1.4148289255413933
Flaveria_bidentis	629054at3193	1.5523895680179927
Flaveria_bidentis	607225at3193	59.51153596646939
Flaveria_bidentis	529272at3193	43.34527520490628
Flaveria_bidentis	538786at3193	5.64476050777072
Flaveria_bidentis	292968at3193	99.5890763267628
Flaveria_bidentis	539334at3193	1.0063433293711428
Flaveria_bidentis	542303at3193	2.330627076733906
Flaveria_bidentis	454128at3193	9.3269435807641
Flaveria_bidentis	120857at3193	9.116736588752586
Flaveria_bidentis	265326at3193	61.20318688583694
Flaveria_bidentis	625256at3193	15.846747695421742
Flaveria_bidentis	684981at3193	1.794364989684026
Flaveria_bidentis	649854at3193	64.13484041781327
Flaveria_bidentis	686775at3193	1079.5768841734898
Flaveria_bidentis	603128at3193	9.3196035149212
Flaveria_bidentis	567568at3193	20.100692224970306
Flaveria_bidentis	528336at3193	3.245105577790834
Flaveria_bidentis	722745at3193	26.65677656720164
Flaveria_bidentis	640011at3193	2.9188318424933177
Flaveria_cronquistii	657636at3193	3.067441682693643
Flaveria_cronquistii	718560at3193	29.173835869905098
Flaveria_cronquistii	269518at3193	102.99683676530682
Flaveria_cronquistii	662669at3193	125.2364097911646
Flaveria_cronquistii	534274at3193	0.7949340123840419
Flaveria_cronquistii	673472at3193	10.884537054452961
Flaveria_cronquistii	218017at3193	0.6166956477701059
Flaveria_cronquistii	296827at3193	9.25045220461719
Flaveria_cronquistii	117372at3193	0.7215103689547238
Flaveria_cronquistii	45243at3193	43.115776457396244
Flaveria_cronquistii	649854at3193	32.55280995322989
Flaveria_cronquistii	629054at3193	6.372808497900297
Flaveria_cronquistii	350851at3193	11.31850340236258
Flaveria_cronquistii	608120at3193	11.34837301841052
Flaveria_cronquistii	265326at3193	98.32699860764794
Flaveria_cronquistii	641365at3193	0.5919675230091065
Flaveria_cronquistii	686775at3193	728.998758645431
Flaveria_cronquistii	689805at3193	72.92400939507364
Flaveria_cronquistii	531730at3193	1.3324611871746257
Flaveria_cronquistii	640011at3193	9.913757044829314
Flaveria_cronquistii	679178at3193	52.58451469685558
Flaveria_cronquistii	611513at3193	1599.5962859010745
Flaveria_cronquistii	603586at3193	11.06632549638407
Flaveria_cronquistii	529272at3193	3.9342901184455643
Flaveria_cronquistii	170431at3193	5.102807685829196
Flaveria_cronquistii	602252at3193	10.115184584431287
Flaveria_cronquistii	669896at3193	59.40643420747669
Flaveria_cronquistii	210483at3193	2.3079000174746023
Flaveria_cronquistii	619620at3193	116.90999199681735
Flaveria_cronquistii	525045at3193	2.3914230187889816
Flaveria_cronquistii	248721at3193	2.4151892999418805
Flaveria_cronquistii	406705at3193	2.7861111713568705
Flaveria_cronquistii	581641at3193	4.806629806796464
Flaveria_cronquistii	114180at3193	10.755912331951441
Flaveria_cronquistii	60532at3193	3.7030978911892625
Flaveria_cronquistii	226573at3193	44.339608776278496
Flaveria_cronquistii	353287at3193	18.480513324742635
Flaveria_cronquistii	454128at3193	20.048773095653086
Flaveria_cronquistii	419660at3193	2.9256834229251423
Flaveria_cronquistii	434678at3193	7.48720050224624
Flaveria_cronquistii	613931at3193	4.094288430636784
Flaveria_cronquistii	414550at3193	205.29520019047624
Flaveria_cronquistii	249892at3193	11.433469945629064
Flaveria_cronquistii	519562at3193	1.1988523659765808
Flaveria_cronquistii	400733at3193	3.7181376276068434
Flaveria_cronquistii	99581at3193	1.2699500966808546
Flaveria_cronquistii	648518at3193	97.21510739668305
Flaveria_cronquistii	100585at3193	2.7494736739210195
Flaveria_cronquistii	512294at3193	21.027650079650382
Flaveria_cronquistii	113619at3193	14.182174144663602
Flaveria_cronquistii	608131at3193	17.072863948319466
Flaveria_cronquistii	607225at3193	16.100737357644476
Flaveria_cronquistii	538786at3193	3.0378168995641293
Flaveria_cronquistii	504118at3193	1.0977031433421083
Flaveria_cronquistii	229021at3193	19.878509288953587
Flaveria_cronquistii	159717at3193	16.267835824470044
Flaveria_cronquistii	604350at3193	54.78251971008823
Flaveria_cronquistii	542760at3193	44.693374855338085
Flaveria_cronquistii	472276at3193	1.9961052958594268
Flaveria_cronquistii	659139at3193	283.82098675913073
Flaveria_cronquistii	650409at3193	30.382103810401706
Flaveria_cronquistii	567568at3193	207.24931664082567
Flaveria_cronquistii	603128at3193	19.013899325598704
Flaveria_cronquistii	734349at3193	2.638634314136568
Flaveria_cronquistii	94385at3193	13.694431995028333
Flaveria_cronquistii	625256at3193	15.01321576609576
Flaveria_cronquistii	521492at3193	13.26461031866635
Flaveria_cronquistii	719913at3193	20.854990407963438
Flaveria_cronquistii	615013at3193	4.050918027944225
Flaveria_cronquistii	646410at3193	0.6354148731903135
Flaveria_cronquistii	552885at3193	7.699488130586954
Flaveria_cronquistii	707858at3193	0.8481484472038757
Flaveria_cronquistii	165594at3193	239.9729849949855
Flaveria_cronquistii	104604at3193	409.701656887067
Flaveria_cronquistii	292968at3193	46.15152976521936
Flaveria_cronquistii	542303at3193	6.899041879925214
Flaveria_cronquistii	221887at3193	3.3171712594878944
Flaveria_cronquistii	584753at3193	21.777363452001193
Flaveria_cronquistii	673750at3193	7.251758675048691
Grayia_spinosa	684981at3193	3.042077866754752
Grayia_spinosa	646410at3193	35.0165982255548
Grayia_spinosa	100585at3193	0.703439928816511
Grayia_spinosa	221887at3193	4.840113367410192
Grayia_spinosa	521492at3193	11.859273410866932
Grayia_spinosa	539334at3193	1.3721602293043482
Grayia_spinosa	552885at3193	8.05376048228205
Grayia_spinosa	542303at3193	9.063097439495161
Grayia_spinosa	625256at3193	1.5160794158687347
Grayia_spinosa	504118at3193	0.581978339261707
Grayia_spinosa	662669at3193	216.08467496739297
Grayia_spinosa	164746at3193	11.197523486804876
Grayia_spinosa	249892at3193	1.1246472421731069
Grayia_spinosa	718560at3193	16.875885486220998
Grayia_spinosa	400733at3193	1.8448052536460187
Grayia_spinosa	578636at3193	0.9862406344637795
Grayia_spinosa	94385at3193	17.213072561444847
Grayia_spinosa	603128at3193	13.423790781070059
Grayia_spinosa	248721at3193	5.859699994141161
Grayia_spinosa	650409at3193	33.792514160217536
Grayia_spinosa	226573at3193	23.217906072497964
Grayia_spinosa	525045at3193	62.16665024035827
Grayia_spinosa	296827at3193	9.696953834781347
Grayia_spinosa	719913at3193	10.757509081901876
Grayia_spinosa	99581at3193	2.1652051135451598
Grayia_spinosa	216901at3193	139.2488239553402
Grayia_spinosa	689805at3193	43.0098375653905
Grayia_spinosa	454128at3193	9.941458047957346
Grayia_spinosa	45243at3193	47.32837500814195
Grayia_spinosa	649854at3193	16.670591519045136
Grayia_spinosa	604350at3193	16.988752081644922
Grayia_spinosa	60532at3193	15.993241658092265
Grayia_spinosa	602252at3193	5.605246688266009
Grayia_spinosa	170431at3193	5.2412631896545685
Grayia_spinosa	608131at3193	11.070845386561436
Grayia_spinosa	165594at3193	130.8350776461355
Grayia_spinosa	159717at3193	8.303299357171367
Grayia_spinosa	229021at3193	82.9852018575395
Grayia_spinosa	640011at3193	8.358845953268144
Grayia_spinosa	603586at3193	14.342098048738205
Grayia_spinosa	607225at3193	25.043759957724596
Grayia_spinosa	726536at3193	0.8381870137580987
Grayia_spinosa	686775at3193	1649.5655810558528
Grayia_spinosa	615013at3193	4.934644776893076
Grayia_spinosa	629054at3193	3.0970834245778605
Grayia_spinosa	472276at3193	2.2311666964100842
Grayia_spinosa	619620at3193	354.6896633770659
Grayia_spinosa	673750at3193	20.570726030158514
Grayia_spinosa	584753at3193	1298.739832683246
Grayia_spinosa	580017at3193	3.0353750036976184
Grayia_spinosa	730039at3193	0.8194926385187093
Grayia_spinosa	353287at3193	9.713290184877991
Grayia_spinosa	265326at3193	41.34779804635836
Grayia_spinosa	292968at3193	8.221121654937278
Grayia_spinosa	567568at3193	500.7339280497004
Grayia_spinosa	611513at3193	1364.0897417221051
Grayia_spinosa	673472at3193	3.3029034011864598
Grayia_spinosa	608120at3193	18.26079317840665
Grayia_spinosa	669896at3193	210.83960948098175
Grayia_spinosa	350851at3193	16.968763723201008
Grayia_spinosa	419660at3193	0.4696918570978886
Grayia_spinosa	542760at3193	30.576026594408905
Grayia_spinosa	659139at3193	188.5827977862947
Grayia_spinosa	657636at3193	7.722119049363324
Grayia_spinosa	269518at3193	112.81174015450621
Grayia_spinosa	528336at3193	1.25832727940829
Grayia_spinosa	679178at3193	23.254606502061904
Grayia_spinosa	527718at3193	0.7385923877641206
Grayia_spinosa	104604at3193	165.35933104265067
Grayia_spinosa	414550at3193	91.63279693169709
Grayia_spinosa	240384at3193	13.243204228391788
Grayia_spinosa	434678at3193	27.780061026810234
Halogeton_glomeratus	619620at3193	121.76092836348712
Halogeton_glomeratus	581641at3193	0.6611172985067947
Halogeton_glomeratus	534274at3193	3.767128800346888
Halogeton_glomeratus	689805at3193	14.67803165405234
Halogeton_glomeratus	615013at3193	4.800219963850678
Halogeton_glomeratus	542760at3193	13.989145421190274
Halogeton_glomeratus	673472at3193	15.741734102330513
Halogeton_glomeratus	226573at3193	9.3309018311606
Halogeton_glomeratus	248721at3193	9.965852215287635
Halogeton_glomeratus	707858at3193	2.940765258573021
Halogeton_glomeratus	542303at3193	10.512903221463105
Halogeton_glomeratus	543204at3193	4.486855682076746
Halogeton_glomeratus	504118at3193	0.6223653527555271
Halogeton_glomeratus	269518at3193	62.4757796683715
Halogeton_glomeratus	603586at3193	23.119724181844642
Halogeton_glomeratus	211209at3193	2.636840191412515
Halogeton_glomeratus	607225at3193	6.768728473849053
Halogeton_glomeratus	719913at3193	28.6468695312799
Halogeton_glomeratus	684981at3193	2.738889569588317
Halogeton_glomeratus	104604at3193	35.110526117501394
Halogeton_glomeratus	296827at3193	12.414155121916847
Halogeton_glomeratus	673750at3193	7.973983854545007
Halogeton_glomeratus	159717at3193	6.960512142723702
Halogeton_glomeratus	414550at3193	102.94213380092242
Halogeton_glomeratus	669896at3193	428.8102873440783
Halogeton_glomeratus	513493at3193	0.904375562960265
Halogeton_glomeratus	640011at3193	4.843111049318412
Halogeton_glomeratus	350851at3193	31.140057226650335
Halogeton_glomeratus	629054at3193	4.322383983709729
Halogeton_glomeratus	249892at3193	8.73550793145095
Halogeton_glomeratus	584753at3193	141.76024227144302
Halogeton_glomeratus	611513at3193	2387.653747313977
Halogeton_glomeratus	679178at3193	131.2761612948257
Halogeton_glomeratus	662669at3193	93.91542168779934
Halogeton_glomeratus	221887at3193	12.632968467030315
Halogeton_glomeratus	472276at3193	16.24834821883774
Halogeton_glomeratus	454128at3193	8.78782058814031
Halogeton_glomeratus	659139at3193	264.3962828682496
Halogeton_glomeratus	567568at3193	36.75012651754934
Halogeton_glomeratus	718560at3193	16.710920900731818
Halogeton_glomeratus	602252at3193	21.842519049385043
Halogeton_glomeratus	216901at3193	61.47328214625029
Halogeton_glomeratus	294374at3193	0.339619413112696
Halogeton_glomeratus	646410at3193	23.024273432202335
Halogeton_glomeratus	265326at3193	15.948020639265417
Halogeton_glomeratus	625256at3193	15.583578738228182
Halogeton_glomeratus	45243at3193	40.37584353261285
Halogeton_glomeratus	521492at3193	9.585919416249302
Halogeton_glomeratus	650409at3193	12.79359390598476
Halogeton_glomeratus	542086at3193	0.6413566996899035
Halogeton_glomeratus	608120at3193	15.982619330586775
Halogeton_glomeratus	419660at3193	0.7893618204892383
Halogeton_glomeratus	512294at3193	73.7403795975075
Halogeton_glomeratus	538786at3193	2.1777591367558116
Halogeton_glomeratus	434678at3193	89.67280347842102
Halogeton_glomeratus	529272at3193	0.3329960838306773
Halogeton_glomeratus	400733at3193	7.009137330526695
Halogeton_glomeratus	604350at3193	55.32350150016495
Halogeton_glomeratus	531730at3193	3.535435779218839
Halogeton_glomeratus	657636at3193	16.131741278087098
Halogeton_glomeratus	406705at3193	7.06956594744442
Halogeton_glomeratus	562611at3193	9.996287066144008
Halogeton_glomeratus	539334at3193	0.5055872711044207
Halogeton_glomeratus	229021at3193	135.42502957753132
Halogeton_glomeratus	649854at3193	15.176122247980604
Halogeton_glomeratus	292968at3193	22.741273427717577
Halogeton_glomeratus	620971at3193	1.0151619487558212
Halogeton_glomeratus	100585at3193	1.4023250097541213
Halogeton_glomeratus	94385at3193	38.64059830561279
Halogeton_glomeratus	525045at3193	36.22223623486953
Halogeton_glomeratus	608131at3193	33.54114641682062
Halogeton_glomeratus	240384at3193	14.272268929417644
Halogeton_glomeratus	170431at3193	7.3247246796675265
Halogeton_glomeratus	98321at3193	19.47976894959789
Salsola_foliosa	646410at3193	42.079033923186344
Salsola_foliosa	210483at3193	1.4195601142337733
Salsola_foliosa	718560at3193	18.168616656099665
Salsola_foliosa	94385at3193	14.536463314413343
Salsola_foliosa	684981at3193	1.774280060592742
Salsola_foliosa	248721at3193	4.164432126565696
Salsola_foliosa	528336at3193	0.7330473020050365
Salsola_foliosa	472276at3193	5.873104068981552
Salsola_foliosa	296827at3193	14.84116339423139
Salsola_foliosa	240384at3193	46.48669231716505
Salsola_foliosa	580017at3193	1.4500894329312926
Salsola_foliosa	292968at3193	42.49909334506867
Salsola_foliosa	542760at3193	17.96661133610808
Salsola_foliosa	525045at3193	33.57701726882556
Salsola_foliosa	229021at3193	68.90614285716359
Salsola_foliosa	45243at3193	145.11203927250318
Salsola_foliosa	649854at3193	39.048779680031075
Salsola_foliosa	221887at3193	6.536651423199156
Salsola_foliosa	434678at3193	25.611762591679014
Salsola_foliosa	406705at3193	1.3329141363064683
Salsola_foliosa	604350at3193	41.47703015868639
Salsola_foliosa	521492at3193	4.909374715937076
Salsola_foliosa	629054at3193	1.2166093116563919
Salsola_foliosa	539334at3193	12.290785174189118
Salsola_foliosa	104604at3193	9.566591668447698
Salsola_foliosa	603586at3193	33.45926805380455
Salsola_foliosa	659139at3193	280.11142707243977
Salsola_foliosa	512294at3193	56.304185757412306
Salsola_foliosa	567568at3193	711.7024220791556
Salsola_foliosa	602252at3193	8.342592939386433
Salsola_foliosa	608131at3193	142.67611328946134
Salsola_foliosa	249892at3193	11.24154372454717
Salsola_foliosa	613931at3193	1.3409420161216776
Salsola_foliosa	542303at3193	12.929474360791177
Salsola_foliosa	607225at3193	29.284840327208187
Salsola_foliosa	673472at3193	3.8049219676963917
Salsola_foliosa	611513at3193	3940.7958396665513
Salsola_foliosa	669896at3193	500.5597630019424
Salsola_foliosa	625256at3193	5.04849323294337
Salsola_foliosa	269518at3193	194.26073606555042
Salsola_foliosa	165594at3193	168.27688595440506
Salsola_foliosa	673750at3193	6.623663732017638
Salsola_foliosa	608120at3193	9.25824572404604
Salsola_foliosa	640011at3193	3.9491516728510048
Salsola_foliosa	216901at3193	128.0872472132816
Salsola_foliosa	552885at3193	8.687833637828007
Salsola_foliosa	719913at3193	7.827374707438988
Salsola_foliosa	689805at3193	20.685309878481853
Salsola_foliosa	584753at3193	479.70506869711176
Salsola_foliosa	657636at3193	13.560208933756263
Salsola_foliosa	414550at3193	104.30766240732937
Salsola_foliosa	400733at3193	7.602447540256651
Salsola_foliosa	454128at3193	42.89281183144259
Salsola_foliosa	159717at3193	3.3585739432901183
Salsola_foliosa	294374at3193	0.36903999533833737
Salsola_foliosa	619620at3193	109.88391634416094
Salsola_foliosa	531730at3193	1.872945180616265
Salsola_foliosa	504118at3193	1.4389512294067133
Salsola_foliosa	60532at3193	6.194393704871446
Salsola_foliosa	265326at3193	51.318771215063904
Salsola_foliosa	170431at3193	12.037493529432833
Salsola_foliosa	603128at3193	14.170516198456223
Salsola_foliosa	650409at3193	21.48912707536373
Salsola_foliosa	620971at3193	1.4315810007628063
Salsola_foliosa	226573at3193	10.110122044984639
Salsola_foliosa	686775at3193	1081.7315108236694
Salsola_foliosa	679178at3193	85.69841946645704
Salsola_foliosa	615013at3193	4.834433882199266
Suaeda_linearis	731953at3193	0.4922792483936906
Suaeda_linearis	94385at3193	13.592410879546454
Suaeda_linearis	414550at3193	275.25173321346807
Suaeda_linearis	646410at3193	59.04933054254389
Suaeda_linearis	294374at3193	2.9064299125321718
Suaeda_linearis	216901at3193	277.336753923856
Suaeda_linearis	296827at3193	8.623591578123397
Suaeda_linearis	684981at3193	5.175205196945242
Suaeda_linearis	542760at3193	51.91409615021464
Suaeda_linearis	679178at3193	6.898065980727568
Suaeda_linearis	159717at3193	19.245617018413625
Suaeda_linearis	104604at3193	377.9117182518607
Suaeda_linearis	640011at3193	12.17447531233265
Suaeda_linearis	552885at3193	2.8550538736012716
Suaeda_linearis	529272at3193	2.58966978844486
Suaeda_linearis	226573at3193	60.47923817680071
Suaeda_linearis	673472at3193	2.970032743336788
Suaeda_linearis	454128at3193	15.38639867374799
Suaeda_linearis	718560at3193	23.717624928878266
Suaeda_linearis	542303at3193	12.022620124798525
Suaeda_linearis	615013at3193	13.39382348268731
Suaeda_linearis	100585at3193	2.4428895033070366
Suaeda_linearis	603128at3193	10.04993306475038
Suaeda_linearis	525045at3193	65.15919952020724
Suaeda_linearis	570523at3193	1.3288778881349188
Suaeda_linearis	604350at3193	31.976195824605114
Suaeda_linearis	60532at3193	8.22294860786401
Suaeda_linearis	619620at3193	299.42511964712617
Suaeda_linearis	580017at3193	0.879386533033908
Suaeda_linearis	265326at3193	30.940053590178728
Suaeda_linearis	472276at3193	6.529146048999503
Suaeda_linearis	659139at3193	357.6897017689293
Suaeda_linearis	629054at3193	5.282209220057998
Suaeda_linearis	608131at3193	56.93197937287453
Suaeda_linearis	400733at3193	11.394327613918623
Suaeda_linearis	521492at3193	13.380087936047127
Suaeda_linearis	221887at3193	11.831027863674825
Suaeda_linearis	248721at3193	2.722342236805319
Suaeda_linearis	531730at3193	0.7533271331628377
Suaeda_linearis	269518at3193	98.11784942261379
Suaeda_linearis	229021at3193	76.09855331689943
Suaeda_linearis	669896at3193	834.4785453810744
Suaeda_linearis	434678at3193	7.4306564132908015
Suaeda_linearis	249892at3193	1.7195905088404626
Suaeda_linearis	353287at3193	18.493532158655906
Suaeda_linearis	607225at3193	43.98570741773134
Suaeda_linearis	649854at3193	22.517479091915018
Suaeda_linearis	350851at3193	9.64780093394227
Suaeda_linearis	625256at3193	4.114158711763253
Suaeda_linearis	689805at3193	148.2927628056634
Suaeda_linearis	611513at3193	1752.9281109140834
Suaeda_linearis	603586at3193	21.037919709888982
Suaeda_linearis	686775at3193	1958.781043713569
Suaeda_linearis	662669at3193	267.4067962543665
Suaeda_linearis	419660at3193	1.1449136559798683
Suaeda_linearis	602252at3193	10.372297135113143
Suaeda_linearis	240384at3193	23.082968216074356
Suaeda_linearis	650409at3193	40.69003836966815
Suaeda_linearis	567568at3193	574.0831480628802
Suaeda_linearis	719913at3193	19.695186750385623
Suaeda_linearis	608120at3193	7.886045627933461
Suaeda_linearis	45243at3193	51.08036218510793
Suaeda_linearis	584753at3193	339.88286856541157
Suaeda_linearis	673750at3193	9.100064171061117
Suaeda_linearis	170431at3193	4.968682141898832
Suaeda_linearis	706168at3193	10.385542826309669
Suaeda_linearis	641365at3193	19.91517103302377
Suaeda_linearis	165594at3193	515.6042051989323
Suaeda_linearis	657636at3193	18.46108413406797
Suaeda_linearis	504118at3193	2.218672869635682
Suaeda_linearis	722745at3193	171.94455116291397
Suaeda_linearis	292968at3193	16.416799802374705
Suaeda_salsa	603586at3193	3.036466535564213
Suaeda_salsa	689805at3193	27.12530458215212
Suaeda_salsa	400733at3193	1.9416140839009814
Suaeda_salsa	434678at3193	11.238770206692834
Suaeda_salsa	673750at3193	0.7869844537407
Suaeda_salsa	719913at3193	3.095352859199877
Suaeda_salsa	580017at3193	2.474519647924682
Suaeda_salsa	529272at3193	91.67781929871555
Suaeda_salsa	646410at3193	2.943635100084904
Suaeda_salsa	542303at3193	2.5098269231649413
Suaeda_salsa	625256at3193	1.3076945688745067
Suaeda_salsa	229021at3193	6.852676264252721
Suaeda_salsa	525045at3193	13.385107913961265
Suaeda_salsa	159717at3193	1.2585885784265378
Suaeda_salsa	414550at3193	21.70702723943684
Suaeda_salsa	673472at3193	0.6706325428920411
Suaeda_salsa	602252at3193	1.2802987386417868
Suaeda_salsa	669896at3193	285.03405290507465
Suaeda_salsa	269518at3193	30.179043349585406
Suaeda_salsa	679178at3193	59.71560871152341
Suaeda_salsa	650409at3193	6.786120960694115
Suaeda_salsa	629054at3193	1.2180301632923276
Suaeda_salsa	99581at3193	0.5520821003212455
Suaeda_salsa	45243at3193	12.891010385107126
Suaeda_salsa	249892at3193	0.3628585342438765
Suaeda_salsa	542760at3193	5.8137133767526
Suaeda_salsa	722745at3193	2.8349753259369295
Suaeda_salsa	419660at3193	0.25127555744676633
Suaeda_salsa	584753at3193	33.833005796103116
Suaeda_salsa	581641at3193	0.382494119606081
Suaeda_salsa	640011at3193	2.2818825003753958
Suaeda_salsa	615013at3193	1.87256602132657
Suaeda_salsa	649854at3193	6.2344992716009235
Suaeda_salsa	216901at3193	36.03793968620372
Suaeda_salsa	567568at3193	63.06285282602532
Suaeda_salsa	350851at3193	2.691253465960086
Suaeda_salsa	580484at3193	0.37762438546318255
Suaeda_salsa	659139at3193	142.4169074428861
Suaeda_salsa	521492at3193	3.0253104173459358
Suaeda_salsa	226573at3193	12.175465952865293
Suaeda_salsa	684981at3193	1.6600140449187735
Suaeda_salsa	248721at3193	0.6059842680886955
Suaeda_salsa	607225at3193	4.462542638748334
Suaeda_salsa	718560at3193	3.4001995787087163
Suaeda_salsa	619620at3193	143.62105988549374
Suaeda_salsa	608131at3193	19.022203184708772
Suaeda_salsa	686775at3193	285.2438260681533
Suaeda_salsa	604350at3193	4.814403065727943
Suaeda_salsa	495563at3193	2.8826646664524187
Suaeda_salsa	296827at3193	2.2272461265371706
Suaeda_salsa	104604at3193	34.29723108166948
Suaeda_salsa	552885at3193	2.7977201570395103
Suaeda_salsa	662669at3193	431.66004524350086
Suaeda_salsa	60532at3193	6.488215825854424
Suaeda_salsa	94385at3193	2.0670012245593874
Suaeda_salsa	608120at3193	1.299369026194396
Suaeda_salsa	165594at3193	43.50899726761774
Suaeda_salsa	527718at3193	0.20267765394573484
Suaeda_salsa	504118at3193	0.49932414980695183
Suaeda_salsa	657636at3193	2.2824682306359403
Suaeda_salsa	292968at3193	1.8708360738128686
Suaeda_salsa	265326at3193	4.806230085348252
Suaeda_salsa	170431at3193	1.1704947472406557
Suaeda_salsa	611513at3193	917.7276208745963
Suaeda_salsa	539334at3193	0.8100118259604758
Suaeda_salsa	603128at3193	2.233416726723836
